Game, Date, PlayerID, GroupID, Track, Sandbox, Obstacles, Surface, Tire, Engine, Body, Finished, FinishedTime, TopSpeed, TimeToTopSpeed, PathCurvature1, CheckPoint1, PathCurvature2, CheckPoint2, PathCurvature3, CheckPoint3, MaxVelocity, Acceleration, AccelerationCurve, Suspension, Drag, Steer, Grip
1,7/15/2020 10:45,RK,RK,BumpyTrack,0,0,Normal,Muscle,Classic,Muscle,1,58.7297,18.1527,26.3079,360,63.4699,1440,40.7472,720,0,17,7,0.6,1,50,5,0
20,7/16/2020 8:12,RK,RK,BumpyTrack,0,0,Normal,Muscle,4x4,Muscle,1,54.1229,21.04,23.1078,360,9.78708,1440,36.5296,720,50.364,21,11,0.8,0.5,15,5,0.5
17,7/16/2020 8:03,RK,RK,WindingTrack,0,0,Sandy,4x4,Classic,4x4,1,77.2677,14.9867,50.0117,1440,18.9662,1440,42.232,1080,61.07,15,8,0.4,1,20,6,0.9
4,7/15/2020 11:03,RK,RK,WindingTrack,0,0,Sandy,4x4,Classic,4x4,1,56.1286,16.9842,25.5254,1440,18.4089,1440,39.3858,1080,0,17,7,0.6,1,17,5,0
19,7/16/2020 8:10,RK,RK,BumpyTrack,0,0,Normal,Muscle,4x4,Muscle,1,47.9548,20.9857,39.5385,360,11.0783,1440,28.0068,720,41.7915,21,11,0.8,0.5,10,5,0.5
6,7/15/2020 11:23,RK,RK,BumpyTrack,0,0,Normal,4x4,Classic,4x4,1,65.6014,22.5469,22.4977,360,9.90038,1440,44.7637,720,61.961,22,12,1,0.2,30,7,0.7
7,7/15/2020 13:54,Reina,yo,BumpyTrack,0,0,Normal,4x4,Classic,4x4,1,98.2388,13.5357,41.1342,360,18.2957,1440,62.0178,720,90.7147,10,5,0.8,0.2,4,5,0.95
8,7/15/2020 13:56,Reina,yo,WindingTrack,0,0,Sandy,Classic,Classic,Classic,1,69.2826,21.9828,27.1642,1440,23.8043,1440,42.9881,1080,57.4869,22,12,1,0.2,17,5,0.99
9,7/15/2020 14:00,Reina,yo,MountainTrack,0,1,Icy,Classic,Classic,Classic,1,74.6814,19.9804,37.0982,990,17.4991,1080,29.1565,990,61.1201,20,5,0.6,1,0,12,0.9
18,7/16/2020 8:08,RK,RK,WindingTrack,0,0,Sandy,4x4,Classic,4x4,1,76.2751,14.9866,35.321,1440,19.1375,1440,41.9154,1080,60.4158,15,8,0.4,1,50,6,0.9
11,7/16/2020 4:55,kim,jongdae,BumpyTrack,0,0,Normal,Classic,Classic,Classic,1,74.577,16.6709,32.0532,360,15.0582,1440,50.0706,720,69.4696,15,5,0.8,0.2,4,5,0.95
12,7/16/2020 7:15,RK,RK,WindingTrack,0,0,Sandy,Classic,4x4,Classic,1,64.5398,20.9798,61.7075,1440,20.6217,1440,39.0276,1080,52.9272,21,11,0.8,0.2,17,5,0.99
13,7/16/2020 7:24,RK,RK,BumpyTrack,0,0,Normal,Classic,4x4,Classic,1,64.8916,21.3275,34.8726,360,13.6669,1440,46.9285,720,61.0676,21,11,0.8,0.2,10,5,0.8
14,7/16/2020 7:51,RK,RK,BumpyTrack,0,0,Normal,Roadster,4x4,Roadster,1,57.1792,21.7752,20.7582,360,9.43848,1440,38.9,720,53.4575,21,11,0.8,0.7,20,7,0.7
15,7/16/2020 7:54,RK,RK,BumpyTrack,0,0,Normal,Roadster,4x4,Roadster,1,49.9193,21.6637,20.659,360,9.26025,1440,32.1329,720,46.3196,21,11,0.8,0.7,10,7,0.7
16,7/16/2020 7:59,RK,RK,BumpyTrack,0,0,Normal,Classic,4x4,Classic,1,49.1797,21.0042,44.4161,360,10.0564,1440,28.535,720,45.5186,21,11,0.8,0.2,10,6,0.8
21,7/16/2020 8:14,RK,RK,WindingTrack,0,0,Sandy,Classic,4x4,Classic,1,56.5064,20.9798,26.7475,1440,14.5945,1440,31.6689,1080,44.8638,21,11,0.8,0.2,20,6,0.9
22,7/16/2020 8:16,RK,RK,WindingTrack,0,0,Sandy,Classic,4x4,Classic,1,66.9334,20.9796,63.8579,1440,23.9593,1440,41.0779,1080,54.8032,21,11,0.8,0.2,20,6,0.9
23,7/16/2020 8:18,RK,RK,BumpyTrack,0,0,Normal,Muscle,4x4,Muscle,1,46.1984,20.9864,30.6805,360,10.297,1440,27.3389,720,41.2374,21,11,0.8,0.5,10,5,0.5
24,7/16/2020 8:22,RK,RK,BumpyTrack,0,0,Normal,Muscle,4x4,Classic,1,56.9436,21.0626,23.9993,360,10.4027,1440,38.6823,720,53.1793,21,11,0.8,0.5,10,5,0.5
25,7/16/2020 9:01,kim,jongdae,WindingTrack,0,0,Sandy,Classic,Classic,Classic,1,86.4817,14.9871,43.8816,1440,27.2694,1440,51.0499,1080,70.1802,15,8,0.4,0.2,20,6,0.9
26,7/16/2020 9:02,kim,jongdae,MountainTrack,0,1,Icy,Classic,Classic,Classic,1,75.8204,17.8587,23.7462,990,17.0774,1080,29.318,990,64.8553,15,8,0.4,0.2,5,11,0.8
27,7/16/2020 9:04,kim,jongdae,CountryTrack,1,0,Normal,Classic,Classic,Classic,1,36.6367,12.9881,0.715171,0,4.65695,270,13.796,270,30.4609,13,5.68,5.68,0.03,7,8,0.61
28,7/16/2020 9:09,RK,RK,BumpyTrack,0,0,Normal,Muscle,Classic,Classic,1,74.4644,15.3611,29.3813,360,15.1631,1440,49.8646,720,69.3027,15,8,0.4,0.5,10,5,0.5
29,7/16/2020 9:11,RK,RK,MountainTrack,0,1,Icy,Muscle,4x4,Classic,1,63.9423,21.7152,44.8065,990,16.7633,1080,29.6261,990,53.4267,21,11,0.8,0.5,5,10,0.5
30,7/16/2020 9:11,RK,RK,StraightTrack,1,0,Normal,Classic,Classic,Classic,1,7.05637,29.9713,0.101892,0,5.76192,0,4.03274,0,1.07524,30,30,30,1,15,15,0.9
31,7/16/2020 9:49,RK,RK,BumpyTrack,0,0,Normal,Classic,Classic,Classic,1,72.19,16.7453,31.583,360,15.684,1440,48.0689,720,67.238,15,8,0.4,0.2,10,6,0.8
32,7/16/2020 9:51,RK,RK,MountainTrack,0,1,Icy,Classic,4x4,Classic,1,90.4853,21.4221,38.73,990,31.456,1080,44.334,990,76.2731,21,11,0.8,0.2,5,11,0.8
33,7/16/2020 9:52,RK,RK,StraightTrack,1,0,Normal,Classic,Classic,Classic,1,10.559,19.9803,5.321,0,8.632,0,6.022,0,1.567,20,29.14,29.14,0.43,11,12,0.77
34,7/16/2020 9:55,Reina,yo,CountryTrack,0,0,Normal,Classic,Classic,Classic,1,35.6587,14.9858,23.237,0,6.53339,270,14.4772,270,30.3009,15,8,0.4,0.2,10,6,0.8
35,7/16/2020 9:56,doh,kyungsoo,WindingTrack,0,0,Sandy,Classic,Classic,Classic,0,0,14.9866,60.1353,1440,48.3253,1440,106.78,1080,0,15,8,0.4,0.2,20,6,0.9
36,7/16/2020 9:58,Reina,yo,WindingTrack,0,0,Sandy,Classic,Classic,Roadster,1,81.792,14.9887,19.9384,1440,21.8728,1440,46.0368,1080,65.4762,15,8,0.4,0.2,30,5,0.9
37,7/16/2020 9:59,doh,kyungsoo,WindingTrack,0,0,Sandy,Classic,Classic,Classic,0,0,14.9866,51.3644,1440,31.0947,1440,73.5734,1080,97.6139,15,8,0.4,0.2,20,6,0.9
38,7/16/2020 10:03,doh,kyungsoo,WindingTrack,0,0,Sandy,Classic,Classic,Classic,0,0,14.9862,106.157,1440,86.6117,1440,73.5734,1080,97.6139,15,8,0.4,0.2,20,6,0.9
39,7/16/2020 10:10,doh,kyungsoo,BumpyTrack,0,0,Normal,Classic,Classic,Classic,0,0,15.3232,81.9889,360,59.097,1440,108.112,720,97.6139,15,8,0.4,0.2,10,6,0.8
40,7/16/2020 10:13,doh,kyungsoo,BumpyTrack,0,0,Normal,Classic,Classic,Classic,1,106.418,15.4534,52.1266,360,22.523,1440,77.6163,720,101.199,15,8,0.4,0.2,10,6,0.8
41,7/16/2020 10:16,doh,kyungsoo,MountainTrack,1,1,Icy,Classic,Classic,Classic,0,106.418,14.256,101.419,990,56.4874,1080,79.9444,990,101.199,12,20.17,20.17,0,2,9,0.9
42,7/16/2020 10:17,Reina,yo,CountryTrack,0,0,Normal,Classic,Classic,Classic,1,32.3549,14.9858,10.5785,0,4.85781,270,12.574,270,27.0352,15,8,0.4,0.2,10,6,0.8
43,7/16/2020 10:18,Reina,yo,BumpyTrack,0,0,Normal,4x4,Classic,Roadster,1,70.3194,16.6832,29.7442,360,13.503,1440,45.5212,720,65.4647,15,8,0.4,1,20,6,0.9
44,7/16/2020 10:20,Reina,yo,WindingTrack,0,0,Sandy,Muscle,Roadster,Muscle,1,68.1561,17.9946,12.5185,1440,19.1365,1440,38.8409,1080,54.6595,18,5,0.6,0.5,25,5,0.6
45,7/16/2020 10:28,Reina,yo,CountryTrack,0,0,Normal,Classic,Classic,Classic,1,33.5869,14.9858,23.3042,0,5.163,270,13.0854,270,27.4671,15,8,0.4,0.2,10,6,0.8
46,7/16/2020 10:29,Reina,yo,BumpyTrack,0,0,Normal,Roadster,Roadster,Classic,1,60.3251,19.2685,25.8825,360,11.564,1440,39.3669,720,56.0469,18,5,0.6,0.7,10,7,0.7
47,7/16/2020 10:31,Reina,yo,WindingTrack,0,0,Sandy,Muscle,Classic,Muscle,1,86.0191,14.993,48.0587,1440,26.1802,1440,50.8979,1080,69.622,15,8,0.4,0.5,25,5,0.6
48,7/16/2020 10:55,Reina,yo,MountainTrack,0,1,Icy,Classic,Classic,Roadster,0,0,18.6135,7.52727,990,49.9058,1080,71.8033,990,0,15,8,0.4,0.2,15,10,0.8
49,7/16/2020 10:58,exoSC,1billionviews,BumpyTrack,0,0,Normal,Classic,Classic,Roadster,1,74.0985,16.6969,32.5798,360,14.5718,1440,49.2672,720,68.7449,15,8,0.4,0.2,20,5,0.8
50,7/16/2020 11:00,exoSC,1billionviews,WindingTrack,0,0,Sandy,Classic,Classic,Roadster,1,80.2092,14.9863,28.5118,1440,20.1581,1440,44.0175,1080,63.7775,15,8,0.4,0.2,30,5,0.9
51,7/16/2020 11:02,exoSC,1billionviews,MountainTrack,0,1,Icy,Classic,Classic,Classic,1,75.9485,16.5488,60.8358,990,18.6057,1080,31.9529,990,64.1821,15,8,0.4,0.2,5,11,0.8
52,7/16/2020 11:08,exoSC,1billionviews,WindingTrack,0,0,Sandy,Classic,Classic,Classic,1,78.7148,14.9871,28.5407,1440,20.6593,1440,43.9712,1080,62.6135,15,8,0.4,0.2,20,6,0.9
53,7/16/2020 11:28,RK,RK,BumpyTrack,0,0,Normal,4x4,Classic,Classic,1,69.8884,16.9072,30.3465,360,13.3665,1440,45.4669,720,64.7673,15,8,0.4,1,10,6,0.9
54,7/16/2020 11:30,RK,RK,MountainTrack,0,1,Icy,Muscle,4x4,Classic,1,65.622,21.0683,2.30649,990,14.1241,1080,25.342,990,56.2643,21,11,0.8,0.5,5,10,0.5
55,7/16/2020 11:31,RK,RK,WindingTrack,0,0,Sandy,Classic,Classic,Classic,1,77.9569,14.9865,36.1671,1440,20.1033,1440,43.3039,1080,61.6451,15,8,0.4,0.2,20,6,0.9
56,7/16/2020 11:32,RK,RK,MountainTrack,0,1,Icy,4x4,4x4,Roadster,1,53.6421,22.4266,42.74,990,13.0812,1080,24.3941,990,46.1021,21,11,0.8,1,15,11,0.9
57,7/16/2020 11:34,RK,RK,CountryTrack,0,0,Normal,Classic,Classic,Classic,1,31.9304,14.9858,29.6914,0,4.85245,270,12.6336,270,26.7738,15,8,0.4,0.2,10,6,0.8
58,7/16/2020 11:35,RK,RK,BumpyTrack,0,0,Normal,Muscle,Roadster,4x4,1,59.6698,17.9832,38.2339,360,11.6143,1440,35.9491,720,53.813,18,5,0.6,0.5,40,5,0.5
59,7/16/2020 11:38,RK,RK,BumpyTrack,0,0,Normal,Muscle,4x4,Classic,1,46.1546,20.9868,45.4972,360,10.7337,1440,28.0129,720,42.3545,21,11,0.8,0.5,10,5,0.5
60,7/16/2020 11:45,RK,RK,BumpyTrack,0,0,Normal,Classic,4x4,Roadster,1,57.1941,21.0315,54.5962,360,17.7365,1440,37.692,720,53.2552,21,11,0.8,0.2,20,5,0.8
61,7/16/2020 11:50,RK,RK,BumpyTrack,0,0,Normal,4x4,4x4,Classic,1,50.6172,21.5517,23.7317,360,9.31055,1440,37.3142,720,46.7529,21,11,0.8,1,10,6,0.9
62,7/16/2020 11:52,RK,RK,BumpyTrack,0,0,Normal,4x4,4x4,Classic,1,39.6739,21.0143,8.35042,360,9.6919,1440,26.6312,720,35.712,21,11,0.8,1,10,6,0.9
63,7/16/2020 15:36,Reina,yo,CountryTrack,0,0,Normal,Classic,Classic,Classic,1,34.0804,14.9858,9.40275,0,4.82137,270,12.9413,270,28.6573,15,8,0.4,0.2,10,6,0.8
64,7/16/2020 15:38,Reina,yo,BumpyTrack,0,0,Normal,4x4,Classic,Roadster,1,72.5311,15.6498,30.5111,360,12.8891,1440,46.8089,720,67.4706,15,8,0.4,1,20,6,0.9
65,7/16/2020 17:41,Reina,yo,CountryTrack,0,0,Normal,Classic,Classic,Classic,1,33.039,14.9858,20.2828,0,4.82242,270,12.7991,270,27.6433,15,8,0.4,0.2,10,6,0.8
66,7/16/2020 17:42,Reina,yo,BumpyTrack,0,0,Normal,4x4,Classic,Roadster,1,68.03,16.9919,28.3717,360,12.5712,1440,43.4469,720,62.9275,15,8,0.4,1,20,6,0.9
67,7/16/2020 17:44,Reina,yo,WindingTrack,0,0,Sandy,Muscle,4x4,Muscle,1,63.5939,24.0648,2.21678,1440,17.7776,1440,37.1998,1080,51.4941,21,11,0.8,0.5,25,5,0.6
68,7/16/2020 17:46,Reina,yo,MountainTrack,0,1,Icy,4x4,Roadster,4x4,1,71.7832,17.9962,27.2025,990,21.0842,1080,33.7946,990,63.6841,18,5,0.6,1,35,11,0.9
69,7/17/2020 2:15,exosc,stream1billionvi,CountryTrack,0,0,Normal,Classic,Classic,Classic,1,44.6742,14.9858,41.9744,0,16.9835,270,25.0738,270,39.4345,15,8,0.4,0.2,10,5,0.8
70,7/17/2020 2:20,exoSC,stream1BillionVi,CountryTrack,0,0,Normal,Classic,Classic,Classic,1,35.9949,14.9858,9.11822,0,5.37907,270,13.5141,270,30.5993,15,8,0.4,0.2,10,5,0.8
71,7/17/2020 3:17,doh,kyungsoo,CountryTrack,0,0,Normal,Classic,Classic,Classic,1,35.3126,14.9858,26.2859,0,6.38565,270,14.4994,270,29.6253,15,8,0.4,0.2,10,5,0.8
72,7/17/2020 3:18,doh,kyungsoo,BumpyTrack,0,0,Normal,Roadster,4x4,Classic,1,60.2242,21.1288,29.1545,360,13.2061,1440,41.9813,720,56.3567,21,11,0.8,0.7,10,7,0.7
73,7/17/2020 3:20,doh,kyungsoo,WindingTrack,0,0,Sandy,Muscle,Classic,Classic,1,84.8892,14.9985,7.93542,1440,22.2795,1440,46.448,1080,65.6783,15,8,0.4,0.5,20,5,0.6
74,7/17/2020 3:21,doh,kyungsoo,MountainTrack,0,1,Icy,Classic,Classic,Classic,1,67.0233,17.1973,49.3247,990,17.4982,1080,29.9136,990,53.2743,15,8,0.4,0.2,5,10,0.8
75,7/17/2020 3:23,doh,kyungsoo,MountainTrack,0,1,Icy,Classic,Classic,Classic,1,65.7492,17.2545,51.8571,990,18.1234,1080,31.4032,990,55.3054,15,8,0.4,0.2,5,10,0.8
76,7/17/2020 3:24,doh,kyungsoo,MountainTrack,0,1,Icy,Classic,Classic,Classic,1,66.3386,16.5697,42.7114,990,17.8505,1080,30.5271,990,55.4199,15,8,0.4,0.2,5,10,0.8
77,7/17/2020 3:25,doh,kyungsoo,StraightTrack,1,0,Normal,Classic,Classic,Classic,1,10.6415,19.9803,8.54569,0,8.63693,0,6.04125,0,1.57815,20,19.9,19.9,0,9,7,0.9
78,7/17/2020 3:26,doh,kyungsoo,CountryTrack,1,0,Normal,Classic,Classic,Classic,1,22.2274,21.9943,0.133753,0,2.59994,270,8.2017,270,18.4138,22,21.17,21.17,0.53,8,8,0.88
79,7/17/2020 3:28,doh,kyungsoo,WindingTrack,1,0,Sandy,Classic,Classic,Classic,1,74.343,15.9851,58.3652,1440,17.8666,1440,39.5774,1080,57.6674,16,7.24,7.24,0.29,11,9,0.87
80,7/17/2020 3:37,exoSC,1BillionViews,CountryTrack,0,0,Normal,Classic,Classic,Classic,1,37.438,14.9858,34.7744,0,8.53032,270,17.2969,270,31.9981,15,8,0.4,0.2,10,5,0.8
81,7/17/2020 3:38,exoSC,1BillionViews,CountryTrack,1,0,Normal,Classic,Classic,Classic,1,31.4177,18.003,7.30525,0,3.32543,270,14.8327,270,27.0162,18,21.97,21.97,0,9,10,0.84
82,7/17/2020 3:41,exoSC,1BillionViews,MountainTrack,1,1,Icy,Classic,Classic,Classic,0,31.4177,21.4815,23.8969,990,15.8273,1080,74.1034,990,27.0162,15,10.6,10.6,0.1,5,9,0.86
83,7/17/2020 3:43,exoSC,1BillionViews,MountainTrack,1,1,Icy,Classic,Classic,Classic,1,75.2287,15.1083,38.8755,990,18.2006,1080,33.6238,990,61.4688,13,4.14,4.14,0,5,9,0.83
84,7/17/2020 3:44,exoSC,1BillionViews,MountainTrack,0,1,Icy,Classic,Roadster,Classic,1,72.3929,18.7791,45.1815,990,15.5428,1080,28.1466,990,59.811,18,5,0.6,0.2,5,10,0.8
85,7/17/2020 4:13,kim,jongdae,CountryTrack,0,0,Normal,Classic,Classic,Classic,1,51.5257,14.9858,48.4938,0,13.1315,270,24.1744,270,45.9932,15,8,0.4,0.2,10,5,0.8
86,7/17/2020 4:15,kim,jongdae,BumpyTrack,0,0,Normal,Classic,Classic,Classic,1,92.6832,16.5539,43.2369,360,22.6938,1440,65.9738,720,85.9367,15,8,0.4,0.2,10,5,0.8
87,7/17/2020 4:18,kim,jongdae,WindingTrack,0,0,Sandy,Roadster,Classic,Classic,1,117.669,14.9867,36.001,1440,36.9371,1440,69.2572,1080,99.5978,15,8,0.4,0.7,20,2,0.8
88,7/17/2020 4:24,kim,jongdae,WindingTrack,1,0,Sandy,Classic,Classic,Classic,0,117.669,9.99315,66.2882,1440,35.2192,1440,79.3486,1080,109.854,10,2.2,2.2,0,10,2,0
89,7/17/2020 6:35,exoSC,1BillionViews,BumpyTrack,0,0,Normal,Classic,Classic,Classic,0,0,15.2926,74.1852,360,52.2369,1440,99.7275,720,0,15,8,0.4,0.2,10,5,0.8
90,7/17/2020 6:37,exoSC,1BillionViews,CountryTrack,0,0,Normal,Classic,Classic,Classic,1,40.6885,14.9859,18.4109,0,4.82039,270,14.218,270,33.9705,15,8,0.4,0.2,10,5,0.8
91,7/17/2020 6:49,exoSC,1BillionViews,BumpyTrack,0,0,Normal,Classic,4x4,Muscle,1,78.1066,21.1633,34.6736,360,11.9374,1440,52.5175,720,72.846,21,11,0.8,0.2,15,5,0.8
92,7/17/2020 7:02,RK,RK,BumpyTrack,0,0,Normal,Classic,Classic,Classic,1,71.3711,15.0448,68.7543,360,15.885,1440,42.5429,720,66.4204,15,8,0.4,0.2,10,5,0.8
93,7/17/2020 7:02,sechan,kaibaek,BumpyTrack,0,0,Normal,Classic,Classic,4x4,1,77.8115,17.0381,35.5858,360,17.1968,1440,53.4297,720,72.5608,15,8,0.4,0.2,40,5,0.8
94,7/17/2020 7:04,RK,RK,MountainTrack,0,1,Icy,Classic,4x4,Classic,1,86.0342,22.7794,40.815,990,34.08,1080,46.07,990,76.8641,21,11,0.8,0.2,5,10,0.8
95,7/17/2020 7:05,RK,RK,MountainTrack,0,1,Icy,Classic,4x4,Classic,1,63.7569,20.9835,41.749,990,15.973,1080,28.128,990,55.9129,21,11,0.8,0.2,5,10,0.8
96,7/17/2020 7:08,RK,RK,WindingTrack,0,0,Sandy,Classic,4x4,Roadster,1,60.7379,20.9793,49.2639,1440,17.04,1440,34.862,1080,48.7019,21,11,0.8,0.2,30,5,0.9
97,7/17/2020 7:23,pri,rbs,CountryTrack,0,0,Normal,Classic,Classic,Classic,1,33.584,14.9858,25.1068,0,5.38527,270,13.3743,270,28.0908,15,8,0.4,0.2,10,5,0.8
98,7/17/2020 7:24,pri,rbs,BumpyTrack,0,0,Normal,Classic,Roadster,Roadster,1,64.6596,18.9774,27.2384,360,12.4774,1440,42.8992,720,60.3607,18,5,0.6,0.2,20,5,0.8
99,7/17/2020 7:26,pri,rbs,WindingTrack,0,0,Sandy,Classic,Roadster,Roadster,1,82.464,17.9904,15.7001,1440,18.83,1440,39.844,1080,68.0404,18,5,0.6,0.2,30,5,0.9
100,7/17/2020 7:29,pri,rbs,MountainTrack,0,1,Icy,Classic,Roadster,Roadster,1,67.4444,20.6476,27.7077,990,13.8976,1080,24.1116,990,49.3394,18,5,0.6,0.2,15,10,0.8
101,7/17/2020 7:30,pri,rbs,CountryTrack,1,0,Normal,Classic,Classic,Classic,1,32.3885,14.9859,9.52389,0,4.01626,270,11.923,270,26.8866,15,4.4,4.4,0.09,8,9,0.86
102,7/17/2020 7:32,sdf,sdfd,WindingTrack,1,0,Sandy,Classic,Classic,Classic,1,58.2793,21.979,24.2911,1440,15.6094,1440,34.0951,1080,46.9047,22,22.98,22.98,0,12,5,0.53
103,7/17/2020 11:53,kim,jongdaeswife,BumpyTrack,0,0,Normal,Classic,Classic,Classic,1,105.996,15.34,46.7475,360,19.7849,1440,71.3458,720,97.581,15,8,0.4,0.2,10,5,0.8
104,7/17/2020 12:03,kim,jongdaeswife,BumpyTrack,0,0,Normal,Classic,Classic,4x4,1,88.546,16.6807,38.0643,360,18.3059,1440,62.7231,720,83.1292,15,8,0.4,0.2,40,5,0.8
105,7/17/2020 12:05,kim,jongdaeswife,BumpyTrack,0,0,Normal,Classic,Classic,Muscle,1,77.4315,16.0088,33.8142,360,16.5055,1440,50.6265,720,71.116,15,8,0.4,0.2,15,5,0.8
106,7/17/2020 12:06,kim,jongdaeswife,BumpyTrack,0,0,Normal,Classic,Classic,Classic,1,91.0459,16.7778,43.1804,360,18.7101,1440,64.1089,720,85.7649,15,8,0.4,0.2,10,5,0.8
107,7/17/2020 12:51,RK,RK,WindingTrack,0,0,Sandy,Muscle,4x4,Classic,1,61.0678,20.987,24.648,1440,17.048,1440,35.3929,1080,49.2649,21,11,0.8,0.5,20,5,0.6
108,7/17/2020 12:52,RK,RK,StraightTrack,1,0,Normal,Classic,Classic,Classic,1,8.518,24.9765,5.517,0,6.951,0,4.85,0,1.315,25,19.64,19.64,0.48,12,9,0.78
109,7/17/2020 12:53,RK,RK,CountryTrack,1,0,Normal,Classic,Classic,Classic,1,24.6931,18.9823,0.252,0,3.001,270,9.288,270,20.5581,19,14.49,14.49,0.37,10,7,0.6
110,7/17/2020 12:55,RK,RK,MountainTrack,1,1,Icy,Classic,Classic,Classic,1,85.2161,19.5452,47.573,990,20.012,1080,43.313,990,68.357,17,22.34,22.34,0.61,2,13,0.67
111,7/17/2020 15:00,Reina,yo,CountryTrack,0,0,Normal,Classic,Classic,Classic,1,33.2487,14.9858,23.5749,0,5.45192,270,13.3353,270,27.6302,15,8,0.4,0.2,10,5,0.8
112,7/17/2020 15:01,Reina,yo,BumpyTrack,0,0,Normal,Muscle,Roadster,Roadster,1,60.3003,19.33,26.7033,360,11.1992,1440,39.9601,720,55.9807,18,5,0.6,0.5,20,5,0.5
113,7/17/2020 15:03,Reina,yo,WindingTrack,0,0,Sandy,Muscle,4x4,Muscle,1,64.376,20.987,57.0186,1440,19.1979,1440,37.4961,1080,52.3753,21,11,0.8,0.5,25,5,0.6
114,7/17/2020 15:05,Reina,yo,MountainTrack,0,1,Icy,4x4,Roadster,4x4,1,72.3667,20.385,23.8901,990,16.1495,1080,29.1495,990,62.2699,18,5,0.6,1,35,11,0.9
115,7/18/2020 10:52,7,0,BumpyTrack,0,0,Normal,Muscle,4x4,4x4,0,51.0918,21.2405,26.5718,360,13.3442,1440,0,720,0,21,11,0.8,0.5,40,5,0.5
116,7/18/2020 10:54,7,0,BumpyTrack,0,0,Normal,Muscle,4x4,4x4,1,81.8508,21.0725,42.5849,360,25.7545,1440,60.5496,720,77.3469,21,11,0.8,0.5,40,5,0.5
117,7/18/2020 10:56,7,0,WindingTrack,0,0,Sandy,Classic,4x4,Muscle,1,65.9039,20.9898,3.26933,1440,17.4977,1440,38.0478,1080,52.3595,21,11,0.8,0.2,25,5,0.9
118,7/18/2020 10:58,pop,exoisjongdae,BumpyTrack,0,0,Normal,Classic,Classic,Classic,0,0,15.2368,90.4206,360,50.6707,1440,110.029,720,0,15,8,0.4,0.2,10,5,0.8
119,7/18/2020 11:03,7,7,MountainTrack,0,1,Icy,Classic,Classic,Classic,1,101.884,16.3136,36.63,990,28.2065,1080,45.4872,990,85.4368,15,8,0.4,0.2,5,10,0.8
120,7/18/2020 11:06,7,7,BumpyTrack,0,0,Normal,4x4,4x4,4x4,0,65.6704,21.3522,28.5568,360,13.7112,1440,45.4872,720,60.9165,21,11,0.8,1,40,6,0.9
121,7/18/2020 11:07,priy,damg,MountainTrack,0,1,Icy,Classic,Classic,4x4,1,103.38,16.6472,72.2554,990,31.943,1080,48.2554,990,92.4144,15,8,0.4,0.2,35,10,0.8
122,7/18/2020 11:21,priy,damg,BumpyTrack,1,0,Normal,Classic,Classic,Classic,1,118.681,13.5631,55.6105,360,20.4245,1440,77.8079,720,108.429,10,8.76,8.76,0,6,5,0.68
123,7/18/2020 11:26,priy,damg,CountryTrack,1,0,Normal,Classic,Classic,Classic,1,47.6254,10.991,26.1152,0,5.1861,270,16.4655,270,38.7828,11,5.57,5.57,0,5,6,0.74
124,7/18/2020 11:30,priy,damg,BumpyTrack,1,0,Normal,Classic,Classic,Classic,1,112.318,13.6384,44.2948,360,19.804,1440,74.2637,720,104.321,10,3.87,3.87,0,5,5,0.61
125,7/18/2020 11:35,test,test1,CountryTrack,0,0,Normal,Classic,Classic,Classic,1,34.5844,14.9858,25.9509,0,5.40026,270,13.867,270,29.1842,15,8,0.4,0.2,10,5,0.8
126,7/18/2020 11:37,test,test1,BumpyTrack,0,0,Normal,4x4,Classic,Muscle,1,78.3019,15.5755,35.7343,360,13.934,1440,53.2846,720,73.2519,15,8,0.4,1,15,6,0.9
127,7/18/2020 11:39,priy,damg,BumpyTrack,1,0,Normal,Classic,Classic,Classic,1,106.141,13.8333,41.0824,360,18.3631,1440,67.8068,720,98.8492,11,5.47,5.47,0,5,5,0.73
128,7/18/2020 11:43,priy,damg,BumpyTrack,1,0,Normal,Classic,Classic,Classic,0,106.141,13.258,51.5282,360,20.7395,1440,75.7731,720,114.35,10,5.04,5.04,0,7,5,0.8
129,7/18/2020 11:47,test,test1,MountainTrack,0,1,Icy,Muscle,Classic,Roadster,1,97.5525,15.6406,76.5853,990,22.0174,1080,43.701,990,87.1189,15,8,0.4,0.5,15,10,0.5
130,7/18/2020 11:48,test,test1,WindingTrack,0,0,Sandy,Classic,Classic,Classic,1,81.4691,14.9866,62.7182,1440,21.9846,1440,46.551,1080,65.485,15,8,0.4,0.2,20,5,0.9
131,7/18/2020 11:50,priy,damg,BumpyTrack,1,0,Normal,Classic,Classic,Classic,1,107.396,14.7913,48.9272,360,16.1194,1440,74.8354,720,100.444,12,8.07,8.07,0,5,5,0.81
132,7/18/2020 11:50,test,test1,WindingTrack,0,0,Sandy,Classic,Classic,4x4,1,78.4521,14.9862,29.1842,1440,21.0508,1440,43.985,1080,62.535,15,8,0.4,0.2,50,5,0.9
133,7/18/2020 11:51,test,test1,StraightTrack,1,0,Normal,Classic,Classic,Classic,1,7.0502,29.9713,0.09997,0,5.7501,0,4.03356,0,1.08345,30,30,30,0.5,10,10,0.65
134,7/18/2020 11:54,test,test1,StraightTrack,1,0,Normal,Classic,Classic,Classic,1,35.3843,8.42683,19.6839,0,29.6173,0,22.2669,0,10.0998,30,0.53,0.53,0,0,0,0.4
135,7/18/2020 11:54,priy,damg,BumpyTrack,1,0,Normal,Classic,Classic,Classic,1,111.247,11.5296,48.4595,360,19.7229,1440,73.2474,720,102.691,10,7.69,7.69,0,5,5,0.9
136,7/18/2020 11:56,test,test1,StraightTrack,1,0,Normal,Classic,Classic,Classic,1,48.6843,6.50544,48.6676,0,42.5842,0,33.7673,0,16.1667,30,0.4,0.4,0,0,0,0.9
137,7/18/2020 11:56,test,test1,StraightTrack,1,0,Normal,Classic,Classic,Classic,1,10.7505,29.9712,1.38336,0,9.13367,0,7.36701,0,2.03334,30,30,30,0,0,15,0.9
138,7/18/2020 12:04,kim,jongdae,BumpyTrack,1,0,Normal,Classic,Classic,Classic,1,91.2731,15.1675,41.7099,360,16.7679,1440,61.0193,720,85.2919,13,5.94,5.94,0,5,5,0.9
139,7/18/2020 12:07,kim,jongdae,BumpyTrack,1,0,Normal,Classic,Classic,Classic,1,118.558,15.1429,66.212,360,44.1046,1440,89.1003,720,111.543,13,10.35,10.35,0,5,5,0.9
140,7/18/2020 12:10,kim,jongdae,BumpyTrack,1,0,Normal,Classic,Classic,Classic,0,118.558,14.3738,54.9258,360,17.4598,1440,91.7119,720,117.282,12,9.18,9.18,0,5,5,0.9
141,7/18/2020 12:15,test,test,CountryTrack,0,0,Normal,Classic,Classic,Classic,1,32.665,14.9858,30.5324,0,4.83275,270,12.9153,270,27.4156,15,8,0.4,0.2,10,5,0.8
142,7/18/2020 12:15,kim,jongdae,BumpyTrack,0,0,Normal,Classic,Classic,Classic,0,120.03,16.7728,88.1983,360,16.7452,1440,115.548,720,117.282,15,8,0.4,0.2,10,5,0.8
143,7/18/2020 12:18,kim,jongdae,BumpyTrack,0,0,Normal,Classic,Classic,Classic,1,99.8859,15.3031,37.645,360,16.4762,1440,68.8708,720,94.474,15,8,0.4,0.2,10,5,0.8
144,7/18/2020 12:23,test,test,BumpyTrack,0,0,Normal,Muscle,4x4,Muscle,1,54.816,21.1068,23.2322,360,10.2166,1440,36.8327,720,51.0828,21,11,0.8,0.5,15,5,0.5
145,7/18/2020 12:24,kim,jongdae,BumpyTrack,1,0,Normal,Classic,Classic,Classic,0,99.8859,18.7619,108.767,360,53.6249,1440,110.764,720,94.474,13,8.76,8.76,0,5,5,0.9
146,7/18/2020 12:26,test,test,WindingTrack,0,0,Sandy,4x4,4x4,4x4,1,55.7552,20.98,38.0037,1440,14.6385,1440,30.8634,1080,43.9788,21,11,0.8,1,50,6,0.9
147,7/18/2020 12:29,test,test1,BumpyTrack,0,0,Normal,Muscle,4x4,Muscle,0,10.7505,21.0191,89.9521,360,26.1006,1440,120.003,720,2.03334,21,11,0.8,0.5,15,5,0.5
148,7/18/2020 12:35,test,test1,BumpyTrack,0,0,Normal,Muscle,4x4,Muscle,1,58.7683,21.2722,26.3676,360,11.4503,1440,39.9683,720,53.9351,21,11,0.8,0.5,15,5,0.5
149,7/18/2020 12:37,test,test,MountainTrack,0,1,Icy,Classic,Classic,Classic,1,81.0858,16.5046,26.5499,990,18.5497,1080,33.2667,990,63.9089,15,8,0.4,0.2,5,10,0.8
150,7/18/2020 12:41,test,test,StraightTrack,1,0,Normal,Classic,Classic,Classic,1,7.05132,29.9713,0.10017,0,5.75058,0,4.0336,0,1.08365,30,30,30,1,0,15,0.9
151,7/18/2020 18:39,A,1,CountryTrack,0,0,Normal,Classic,Classic,Classic,0,0,14.9858,18.4402,0,4.85106,270,16.9895,270,0,15,8,0.4,0.2,10,5,0.8
152,7/18/2020 18:41,A,1,CountryTrack,0,0,Normal,Classic,Classic,Classic,1,68.0427,14.9858,48.3191,0,24.9761,270,33.1293,270,59.6562,15,8,0.4,0.2,10,5,0.8
153,7/18/2020 18:44,A,1,BumpyTrack,0,0,Normal,4x4,4x4,Muscle,1,97.7372,21.1126,35.9141,360,14.2722,1440,78.4299,720,93.902,21,11,0.8,1,15,6,0.9
154,7/19/2020 8:37,vivi,monsieur,WindingTrack,0,0,Sandy,Muscle,Classic,Muscle,1,95.171,15.0005,76.7298,1440,25.5848,1440,50.8036,1080,77.7623,15,8,0.4,0.5,25,5,0.6
155,7/19/2020 9:12,Sneha Lohani,idk,CountryTrack,0,0,Normal,Classic,Classic,Classic,1,43.079,14.9858,42.2955,0,7.36162,270,17.3381,270,37.9136,15,8,0.4,0.2,10,5,0.8
156,7/19/2020 9:14,Sneha Lohani,idk,BumpyTrack,0,0,Normal,Classic,Classic,Classic,1,111.616,15.0506,38.6895,360,20.344,1440,83.9045,720,105.419,15,8,0.4,0.2,10,5,0.8
157,7/19/2020 9:16,Sneha Lohani,idk,WindingTrack,0,0,Sandy,Classic,Classic,Classic,1,99.1938,14.9865,55.1194,1440,25.1988,1440,59.2933,1080,80.6515,15,8,0.4,0.2,20,5,0.9
158,7/20/2020 3:46,sechan,1billionViews,BumpyTrack,0,0,Normal,Classic,Classic,Classic,1,96.7279,16.5601,49.8465,360,26.6902,1440,68.3919,720,91.5127,15,8,0.4,0.2,10,5,0.8
159,7/20/2020 3:49,sechan,1billionViews,BumpyTrack,0,0,Normal,Classic,Classic,4x4,1,78.9548,16.0254,36.2377,360,18.097,1440,53.3013,720,73.2742,15,8,0.4,0.2,40,5,0.8
160,7/20/2020 4:39,hari_srini,india,CountryTrack,0,0,Normal,Classic,Classic,Classic,1,33.5031,14.9858,24.0207,0,5.25063,270,13.4892,270,28.0577,15,8,0.4,0.2,10,5,0.8
161,7/20/2020 4:41,hari_srini,india,BumpyTrack,0,0,Normal,4x4,Classic,Roadster,1,74.9936,15.7437,30.8646,360,13.8493,1440,49.3277,720,69.8107,15,8,0.4,1,20,6,0.9
162,7/20/2020 4:42,hari_srini,india,BumpyTrack,0,0,Normal,4x4,Classic,Roadster,1,79.1685,15.6844,28.7993,360,13.6204,1440,53.501,720,73.0332,15,8,0.4,1,20,6,0.9
163,7/20/2020 4:44,hari_srini,india,BumpyTrack,0,0,Normal,4x4,Classic,Roadster,1,70.6834,16.7014,30.8414,360,13.6022,1440,46.191,720,65.4353,15,8,0.4,1,20,6,0.9
164,7/20/2020 4:45,hari_srini,india,BumpyTrack,0,0,Normal,4x4,Classic,Roadster,1,75.0655,16.0256,28.6494,360,12.7,1440,50.0033,720,69.8667,15,8,0.4,1,20,6,0.9
165,7/20/2020 4:47,hari_srini,india,BumpyTrack,0,0,Normal,4x4,Classic,Roadster,1,81.0656,15.5126,29.8764,360,14.0663,1440,53.9392,720,74.3225,15,8,0.4,1,20,6,0.9
166,7/20/2020 8:48,racer,race,CountryTrack,0,0,Normal,Classic,Classic,Classic,1,37.6154,14.9858,36.5736,0,5.98366,270,15.3492,270,32.1992,15,8,0.4,0.2,10,5,0.8
167,7/20/2020 8:50,urmom,urfam,CountryTrack,0,0,Normal,Classic,Classic,Classic,1,58.3686,14.9865,46.2209,0,6.70504,270,15.961,270,53.0063,15,8,0.4,0.2,10,5,0.8
168,7/20/2020 8:50,racer,race,BumpyTrack,0,0,Normal,Muscle,Classic,Roadster,1,81.7865,16.3162,29.6493,360,13.8527,1440,49.0296,720,76.5007,15,8,0.4,0.5,20,5,0.5
169,7/20/2020 9:08,kim,jongdae,CountryTrack,0,0,Normal,Classic,Classic,Classic,1,44.61,14.9858,29.0602,0,6.41716,270,23.443,270,39.1681,15,8,0.4,0.2,10,5,0.8
170,7/20/2020 9:13,kim,jongdae,WindingTrack,1,0,Sandy,Classic,Classic,Classic,0,44.61,10.9914,14.9865,1440,32.204,1440,69.4335,1080,99.9008,11,8.93,8.93,0,9,2,1
171,7/20/2020 9:58,woudntwannabeya,alligator,BumpyTrack,0,0,Normal,4x4,Classic,Muscle,1,85.8625,15.9888,38.8556,360,21.3111,1440,57.9042,720,81.0292,15,8,0.4,1,15,6,0.9
172,7/20/2020 9:58,Nina,63879204t7392,BumpyTrack,0,0,Normal,4x4,4x4,Classic,1,81.333,22.0373,34.7331,360,23.75,1440,60.6321,720,76.2492,21,11,0.8,1,10,6,0.9
173,7/20/2020 10:00,woudntwannabeya,alligator,BumpyTrack,0,0,Normal,4x4,Classic,Muscle,1,82.677,15.6222,33.2643,360,16.1469,1440,56.5154,720,77.2694,15,8,0.4,1,15,6,0.9
174,7/20/2020 10:00,abcd,:)),CountryTrack,0,0,Normal,Classic,Classic,Classic,1,42.2642,14.9858,28.4649,0,6.11558,270,18.4161,270,35.1479,15,8,0.4,0.2,10,5,0.8
175,7/20/2020 10:04,NK,1.23457E+15,WindingTrack,0,0,Sandy,Classic,Roadster,Roadster,1,86.716,17.9906,3.909,1440,18.9,1440,39.3511,1080,70.9161,18,5,0.6,0.2,30,5,0.9
176,7/20/2020 10:07,NK,1.23457E+15,MountainTrack,0,1,Icy,4x4,4x4,4x4,0,86.716,29.5423,29.934,990,24.251,1080,103.049,990,70.9161,21,11,0.8,1,35,11,0.9
177,7/20/2020 10:24,Haakon,Test,BumpyTrack,0,0,Normal,Roadster,Classic,Muscle,1,70.9191,16.1879,29.5178,360,13.0172,1440,47.1516,720,66.1523,15,8,0.4,0.7,15,7,0.7
178,7/20/2020 10:27,Haakon,Test,BumpyTrack,0,0,Normal,Roadster,Classic,Muscle,0,70.9191,15.5957,95.1124,360,80.0951,1440,110.013,720,66.1523,15,8,0.4,0.7,15,7,0.7
179,7/20/2020 10:28,Haakon,Test,WindingTrack,0,0,Sandy,4x4,Classic,Classic,1,76.4861,14.9866,35.9179,1440,19.4339,1440,42.0521,1080,60.3688,15,8,0.4,1,20,6,0.9
180,7/20/2020 10:31,Haakon,Test,CountryTrack,1,0,Normal,Classic,Classic,Classic,1,21.8007,29.9812,0.116715,0,1.91684,270,8.65033,270,17.9013,30,30,30,1,5,15,0.9
181,7/20/2020 11:14,12,grin,BumpyTrack,0,0,Normal,Roadster,4x4,Roadster,1,64.367,21.4269,34.2269,360,12.58,1440,46.6625,720,60.5417,21,11,0.8,0.7,20,7,0.7
182,7/20/2020 12:19,Reina,yo,BumpyTrack,0,0,Normal,Classic,Classic,Classic,1,72.1982,16.1199,30.5533,360,15.1257,1440,47.427,720,67.0668,15,8,0.4,0.2,10,6,0.8
183,7/20/2020 13:20,test,test,StraightTrack,1,0,Normal,Classic,Classic,Classic,1,11.1189,18.9813,9.60038,0,9.08371,0,6.35023,0,1.68324,19,25.47,25.47,0.49,7,12,0
184,7/20/2020 13:21,aseem,the,WindingTrack,0,0,Sandy,Classic,Classic,Classic,1,81.2641,14.9872,42.0267,1440,22.5183,1440,46.1122,1080,64.7924,15,8,0.4,0.2,20,5,0.9
185,7/20/2020 13:24,aseem,the,MountainTrack,0,1,Icy,Classic,Roadster,Classic,1,88.5337,17.9824,52.2117,990,21.24,1080,41.2595,990,75.077,18,5,0.6,0.2,5,10,0.8
186,7/20/2020 13:29,aseem,the,MountainTrack,1,1,Icy,Classic,Classic,Classic,0,88.5337,371.177,105.012,990,21.24,1080,41.2595,990,30.3771,30,22.82,22.82,0.42,4,11,0.9
187,7/20/2020 14:25,Reina,yo,CountryTrack,0,0,Normal,Classic,Classic,Classic,1,33.0234,14.9858,24.5636,0,4.71624,270,12.8939,270,27.6804,15,8,0.4,0.2,10,5,0.8
188,7/20/2020 14:28,Reina,yo,WindingTrack,0,0,Sandy,Classic,Roadster,Classic,1,78.1123,17.9838,41.4692,1440,19.7061,1440,47.8443,1080,64.1811,18,5,0.6,0.2,20,5,0.9
189,7/20/2020 15:40,Reina,yo,CountryTrack,0,0,Normal,Classic,Classic,Classic,1,33.9206,14.9858,10.8005,0,4.98094,270,13.0607,270,28.5549,15,8,0.4,0.2,10,5,0.8
190,7/20/2020 15:54,Reina,yo,CountryTrack,0,0,Normal,Classic,Classic,Classic,1,34.3681,14.9858,23.8987,0,4.73233,270,13.611,270,29.137,15,8,0.4,0.2,10,5,0.8
191,7/20/2020 15:55,Reina,yo,BumpyTrack,0,0,Normal,Muscle,Classic,Muscle,1,68.1295,16.3057,27.9868,360,12.8095,1440,43.6108,720,63.0852,15,8,0.4,0.5,15,5,0.5
192,7/20/2020 23:44,RK,RK,WindingTrack,0,0,Sandy,4x4,Classic,Classic,1,85.4461,14.9866,73.41,1440,24.061,1440,49.41,1080,69.444,15,8,0.4,1,20,6,0.9
193,7/21/2020 1:55,Vijrocks,Grinnell,CountryTrack,0,0,Normal,Classic,Classic,Classic,1,33.4502,14.9865,8.99247,0,5.35553,270,13.497,270,28.3787,15,8,0.4,0.2,10,5,0.8
194,7/21/2020 1:57,Vijrocks,Grinnell,BumpyTrack,0,0,Normal,Roadster,4x4,Muscle,1,62.7747,21.0814,25.0395,360,12.5773,1440,43.8368,720,58.1223,21,11,0.8,0.7,15,7,0.7
195,7/21/2020 1:59,Vijrocks,Grinnell,BumpyTrack,0,0,Normal,Roadster,Roadster,Classic,1,64.4765,18.4832,26.2272,360,14.8163,1440,42.9876,720,60.3111,18,5,0.6,0.7,10,7,0.7
196,7/21/2020 2:01,VG,Grinnell,BumpyTrack,0,0,Normal,Roadster,Classic,Classic,1,69.5539,16.0332,30.1472,360,14.0811,1440,45.568,720,64.5925,15,8,0.4,0.7,10,7,0.7
197,7/21/2020 2:07,VG,Grinnell,WindingTrack,0,0,Sandy,4x4,4x4,Muscle,1,62.6451,20.99,53.6196,1440,17.4165,1440,35.8675,1080,50.382,21,11,0.8,1,25,6,0.9
198,7/21/2020 2:09,VG,Grinnell,WindingTrack,0,0,Sandy,4x4,4x4,Muscle,1,58.8258,20.9835,38.3896,1440,14.5979,1440,32.7167,1080,46.8657,21,11,0.8,1,25,6,0.9
199,7/21/2020 2:11,VG,Grinnell,WindingTrack,0,0,Sandy,Muscle,4x4,Classic,1,61.8786,20.987,25.9755,1440,16.9168,1440,35.2022,1080,49.9003,21,11,0.8,0.5,20,5,0.6
200,7/21/2020 2:16,VG,Grinnell,BumpyTrack,0,0,Normal,Classic,4x4,Classic,1,38.9979,20.9801,13.1264,360,12.137,1440,27.2855,720,35.3268,21,11,0.8,0.2,10,5,0.8
201,7/21/2020 2:18,VG,Grinnell,StraightTrack,1,0,Normal,Classic,Classic,Classic,1,7.05684,29.9712,6.90681,0,5.75556,0,4.03719,0,1.06764,30,30,30,0,0,0,0.9
202,7/21/2020 2:21,VG,Grinnell,MountainTrack,0,1,Icy,Roadster,4x4,Classic,1,67.7012,30.8853,49.4162,990,16.5666,1080,28.5452,990,63.1302,21,11,0.8,0.7,5,12,0.7
203,7/21/2020 2:22,VG,Grinnell,MountainTrack,0,1,Icy,Roadster,4x4,Classic,1,50.2502,25.3112,41.2413,990,12.6127,1080,24.7081,990,46.6259,21,11,0.8,0.7,5,12,0.7
204,7/21/2020 3:33,RK,RK,BumpyTrack,0,0,Normal,4x4,Classic,Classic,1,67.3239,15.1573,45.6451,360,13.0253,1440,38.1962,720,62.1059,15,8,0.4,1,10,6,0.9
205,7/21/2020 3:40,RK,RK,WindingTrack,0,0,Sandy,4x4,Classic,Classic,1,77.7988,14.9866,24.1539,1440,20.0376,1440,42.8553,1080,61.4395,15,8,0.4,1,20,6,0.9
206,7/21/2020 3:43,RK,RK,MountainTrack,0,1,Icy,4x4,4x4,Classic,1,52.4144,23.134,17.9319,990,12.474,1080,22.9084,990,45.2681,21,11,0.8,1,5,9,0.9
207,7/21/2020 3:48,RK3,RK3,BumpyTrack,0,0,Normal,Classic,4x4,Classic,1,42.2231,20.9808,9.68269,360,10.2426,1440,29.0591,720,38.3607,21,11,0.8,0.2,10,5,0.8
208,7/21/2020 3:52,RK3,RK3,BumpyTrack,0,0,Normal,Classic,4x4,Classic,1,45.1498,20.9859,5.52896,360,10.3665,1440,32.2679,720,41.2461,21,11,0.8,0.2,10,5,0.8
209,7/21/2020 3:55,RK3,RK3,WindingTrack,0,0,Sandy,Classic,Classic,Classic,1,78.7346,14.9865,74.4565,1440,21.1737,1440,44.5157,1080,62.835,15,8,0.4,0.2,20,5,0.9
210,7/21/2020 4:05,RK4,RK4,BumpyTrack,0,0,Normal,4x4,4x4,Classic,1,46.7239,21.1817,39.8621,360,9.98069,1440,32.7839,720,42.822,21,11,0.8,1,10,6,0.9
211,7/21/2020 4:10,RK4,RK4,BumpyTrack,0,0,Normal,4x4,Classic,Classic,1,70.0823,16.583,28.5395,360,13.0593,1440,45.2982,720,64.8616,15,8,0.4,1,10,6,0.9
212,7/21/2020 4:13,RK4,RK4,BumpyTrack,0,0,Normal,Classic,4x4,Classic,1,51.6763,20.9803,18.1579,360,13.6981,1440,38.1575,720,47.3567,21,11,0.8,0.2,10,5,0.8
213,7/21/2020 4:16,pri,rbs,WindingTrack,0,0,Sandy,Classic,Classic,Roadster,1,86.6833,14.9954,31.5652,1440,23.5925,1440,49.3866,1080,69.0088,15,8,0.4,0.2,30,5,0.9
214,7/21/2020 4:36,kim,jongdae,BumpyTrack,0,0,Normal,Classic,Classic,Classic,1,79.1993,16.7874,32.5857,360,15.9884,1440,50.012,720,73.7044,15,8,0.4,0.2,10,5,0.8
215,7/21/2020 4:39,RK4,RK4,BumpyTrack,0,0,Normal,Classic,4x4,Classic,1,57.2857,21.4419,25.7457,360,11.005,1440,40.3257,720,52.8836,21,11,0.8,0.2,10,5,0.8
216,7/21/2020 4:42,RK4,RK4,BumpyTrack,0,0,Normal,Classic,4x4,Classic,1,35.8959,20.9822,3.49414,360,10.6506,1440,25.3339,720,32.2668,21,11,0.8,0.2,10,5,0.8
217,7/21/2020 4:45,RK4,RK4,BumpyTrack,0,0,Normal,Classic,Classic,Classic,1,49.2396,14.9869,16.8622,360,14.8826,1440,33.6018,720,44.3984,15,8,0.4,0.2,10,5,0.8
218,7/21/2020 4:48,RK4,RK4,WindingTrack,0,0,Sandy,Classic,4x4,Classic,1,59.4568,20.9798,23.0961,1440,16.9527,1440,33.9972,1080,47.7727,21,11,0.8,0.2,20,5,0.9
219,7/21/2020 4:49,exoSC,1BillionViews,MountainTrack,0,1,Icy,Classic,Classic,Classic,1,71.2606,16.6018,55.2801,990,16.8241,1080,33.904,990,59.4777,15,8,0.4,0.2,5,8,0.8
220,7/21/2020 4:49,RK5,RK5,BumpyTrack,0,0,Normal,Classic,4x4,Classic,1,34.5235,20.9838,5.44797,360,10.2664,1440,23.0096,720,30.9485,21,11,0.8,0.2,10,5,0.8
221,7/21/2020 4:52,RK5,RK5,BumpyTrack,0,0,Normal,Classic,4x4,Classic,1,55.8159,21.5882,22.433,360,10.1347,1440,38.3322,720,51.8742,21,11,0.8,0.2,10,5,0.8
222,7/21/2020 5:03,RK5,RK5,BumpyTrack,0,0,Normal,Classic,4x4,Classic,1,46.8803,20.9828,3.54105,360,10.1407,1440,36.8336,720,43.2968,21,11,0.8,0.2,10,5,0.8
223,7/21/2020 5:07,RK5,RK%,BumpyTrack,0,0,Normal,Classic,4x4,Classic,1,37.0687,20.9813,12.0895,360,12.812,1440,26.0701,720,32.751,21,11,0.8,0.2,10,5,0.8
224,7/21/2020 5:11,RK5,RK5,BumpyTrack,0,0,Normal,Classic,4x4,Classic,1,57.9629,21.265,23.9035,360,10.1028,1440,39.1992,720,52.943,21,11,0.8,0.2,10,5,0.8
225,7/21/2020 5:13,RK5,RK5,WindingTrack,0,0,Sandy,Classic,Classic,Classic,1,77.8734,14.9865,73.4702,1440,20.2554,1440,43.4933,1080,61.816,15,8,0.4,0.2,20,5,0.9
226,7/21/2020 5:14,priyanka,rbs,BumpyTrack,0,0,Normal,Roadster,Classic,4x4,1,69.9713,16.5315,30.1993,360,14.4174,1440,45.4085,720,64.9831,15,8,0.4,0.7,40,7,0.7
227,7/21/2020 5:15,priyanka,rbs,MountainTrack,0,1,Icy,Roadster,Classic,Classic,1,69.6586,17.0797,51.9881,990,17.8823,1080,33.6146,990,59.4682,15,8,0.4,0.7,5,10,0.7
228,7/21/2020 5:25,RK4,RK4,BumpyTrack,0,0,Normal,Classic,4x4,Classic,1,73.6651,21.2252,41.2633,360,10.2444,1440,55.9267,720,69.5656,21,11,0.8,0.2,10,5,0.8
229,7/21/2020 5:28,RK4,RK4,BumpyTrack,0,0,Normal,Classic,4x4,Classic,1,56.0211,21.3322,23.5193,360,10.3842,1440,37.1009,720,50.9227,21,11,0.8,0.2,10,5,0.8
230,7/21/2020 5:29,RK5,RK5,BumpyTrack,0,0,Normal,Classic,4x4,Classic,1,37.315,20.9819,5.67359,360,10.3737,1440,26.8326,720,33.636,21,11,0.8,0.2,10,5,0.8
231,7/21/2020 5:43,RK5,RK5,BumpyTrack,0,0,Normal,Classic,4x4,Classic,1,76.7756,22.5247,51.49,360,10.1736,1440,55.432,720,73.0498,21,11,0.8,0.2,10,5,0.8
232,7/21/2020 5:47,KR,KR,BumpyTrack,0,0,Normal,Classic,4x4,Classic,1,33.7967,20.9824,14.0546,360,10.035,1440,22.1537,720,29.5738,21,11,0.8,0.2,10,5,0.8
233,7/21/2020 5:53,KR,KR,BumpyTrack,0,0,Normal,Classic,4x4,Classic,1,37.09,20.9819,3.47352,360,10.9333,1440,25.8963,720,32.6165,21,11,0.8,0.2,10,5,0.8
234,7/21/2020 6:02,KR,KR,BumpyTrack,0,0,Normal,Classic,4x4,Classic,1,62.2459,21.6224,22.807,360,10.3672,1440,39.9242,720,58.1228,21,11,0.8,0.2,10,5,0.8
235,7/21/2020 6:08,KR,KR,BumpyTrack,0,0,Normal,Classic,4x4,Classic,1,35.2425,20.9815,3.48091,360,10.2002,1440,23.5216,720,31.5039,21,11,0.8,0.2,10,5,0.8
236,7/21/2020 6:19,KR,KR,BumpyTrack,0,0,Normal,Classic,4x4,Classic,1,53.3117,21.3246,24.8707,360,10.8305,1440,39.2085,720,49.0723,21,11,0.8,0.2,10,5,0.8
237,7/21/2020 6:31,RK,RK,MountainTrack,0,1,Icy,Classic,4x4,Classic,1,65.5005,21.5956,45.7183,990,12.8378,1080,27.017,990,48.8756,21,11,0.8,0.2,5,8,0.8
238,7/21/2020 6:34,RK,RK,WindingTrack,0,0,Sandy,4x4,4x4,Classic,1,58.0322,20.9801,38.372,1440,14.4374,1440,31.01,1080,46.3766,21,11,0.8,1,20,6,0.9
239,7/21/2020 6:35,RK,RK,WindingTrack,0,0,Sandy,4x4,4x4,Classic,1,56.8935,20.9801,1.71368,1440,14.4159,1440,31.7778,1080,45.3329,21,11,0.8,1,20,6,0.9
240,7/21/2020 6:36,test,test,BumpyTrack,0,0,Normal,Classic,4x4,Classic,1,47.803,21.2418,22.684,360,10.0815,1440,34.7874,720,44.1075,21,11,0.8,0.2,10,5,0.8
241,7/21/2020 6:38,test,test,WindingTrack,0,0,Sandy,Classic,4x4,Classic,1,59.8832,20.9828,58.7803,1440,16.1203,1440,34.3428,1080,48.7984,21,11,0.8,0.2,20,5,0.9
242,7/21/2020 6:40,RK,RK,BumpyTrack,0,0,Normal,4x4,4x4,Classic,1,31.7968,21.0146,4.13174,360,9.11563,1440,20.6356,720,27.8891,21,11,0.8,1,10,6,0.9
243,7/21/2020 7:33,helo,bub,BumpyTrack,0,0,Normal,Classic,Classic,Classic,1,73.7893,16.7046,31.5027,360,14.6503,1440,48.5466,720,68.7337,15,8,0.4,0.2,10,5,0.8
244,7/21/2020 10:42,Reina,yo,BumpyTrack,0,0,Normal,Classic,Classic,Classic,1,76.8117,15.921,34.0332,360,15.172,1440,52.5079,720,71.7522,15,8,0.4,0.2,10,5,0.8
245,7/21/2020 10:43,Reina,yo,WindingTrack,0,0,Sandy,Roadster,4x4,Roadster,1,61.8877,20.9802,3.80925,1440,17.1061,1440,35.3279,1080,49.7062,21,11,0.8,0.7,30,4,0.8
246,7/21/2020 12:24,RK,RK,BumpyTrack,0,0,Normal,Classic,4x4,Classic,1,45.8844,20.9826,9.82518,360,10.9085,1440,34.2773,720,42.3115,21,11,0.8,0.2,10,5,0.8
247,7/21/2020 14:56,Reina,yo,WindingTrack,0,0,Sandy,4x4,4x4,Roadster,1,62.0684,20.9898,60.5061,1440,17.3484,1440,35.1699,1080,50.5849,21,11,0.8,1,30,6,0.9
248,7/21/2020 22:41,culls,uh,CountryTrack,0,0,Normal,Classic,Classic,Classic,1,33.9661,14.9858,7.749,0,4.815,270,14.282,270,28.6982,15,8,0.4,0.2,10,5,0.8
249,7/21/2020 22:44,culls,uh,BumpyTrack,0,0,Normal,Classic,Classic,Classic,1,83.6627,15.8755,35.7331,360,15.333,1440,56.4986,720,78.1142,15,8,0.4,0.2,10,5,0.8
250,7/21/2020 22:46,culls,uh,WindingTrack,0,0,Sandy,Classic,Classic,Classic,1,77.0153,14.9881,3.916,1440,19.1331,1440,41.7162,1080,61.3993,15,8,0.4,0.2,20,5,0.9
251,7/21/2020 23:07,Liam,Liam,BumpyTrack,0,0,Normal,4x4,Classic,4x4,1,70.7301,15.9935,30.8673,360,14.817,1440,46.8651,720,65.8805,15,8,0.4,1,40,6,0.9
252,7/22/2020 5:52,exoSC,1BillionViews,BumpyTrack,0,0,Normal,Classic,Classic,Classic,1,91.032,16.7672,33.8902,360,15.0442,1440,55.427,720,83.6027,15,8,0.4,0.2,10,5,0.8
253,7/22/2020 10:04,test,test12,CountryTrack,0,0,Normal,Classic,Classic,Classic,1,33.6734,14.9858,25.6499,0,5.53264,270,13.6709,270,28.2832,15,8,0.4,0.2,10,5,0.8
254,7/22/2020 10:04,test,test12,StraightTrack,1,0,Normal,Classic,Classic,Classic,1,4.64998,49.9511,3.19985,0,3.88342,0,2.83341,0,1.06648,50,15.08,15.08,0.38,7,8,1
